{
  "1": "al-fatihah",
  "2": "al-baqarah",
  "3": "ali-imran",
  "4": "an-nisa",
  "5": "al-maidah",
  "6": "al-anam",
  "7": "al-araf",
  "8": "al-anfal",
  "9": "at-tawbah",
  "10": "yunus",
  "11": "hud",
  "12": "yusuf",
  "13": "ar-rad",
  "14": "ibrahim",
  "15": "al-hijr",
  "16": "an-nahl",
  "17": "al-isra",
  "18": "al-kahf",
  "19": "maryam",
  "20": "ta-ha",
  "21": "al-anbiya",
  "22": "al-hajj",
  "23": "al-muminun",
  "24": "an-nur",
  "25": "al-furqan",
  "26": "asy-syuara",
  "27": "an-naml",
  "28": "al-qasas",
  "29": "al-ankabut",
  "30": "ar-rum",
  "31": "luqman",
  "32": "as-sajdah",
  "33": "al-ahzab",
  "34": "saba",
  "35": "fatir",
  "36": "yasin",
  "37": "as-saffat",
  "38": "sad",
  "39": "az-zumar",
  "40": "ghafir",
  "41": "fussilat",
  "42": "asy-shura",
  "43": "az-zukhruf",
  "44": "ad-dukhan",
  "45": "al-jasiyah",
  "46": "al-ahqaf",
  "47": "muhammad",
  "48": "al-fath",
  "49": "al-hujurat",
  "50": "qaf",
  "51": "az-zariyat",
  "52": "at-tur",
  "53": "an-najm",
  "54": "al-qamar",
  "55": "ar-rahman",
  "56": "al-waqiah",
  "57": "al-hadid",
  "58": "al-mujadalah",
  "59": "al-hasyr",
  "60": "al-mumtahanah",
  "61": "as-saff",
  "62": "al-jumuah",
  "63": "al-munafiqun",
  "64": "at-tagabun",
  "65": "at-talaq",
  "66": "at-tahrim",
  "67": "al-mulk",
  "68": "al-qalam",
  "69": "al-haqqah",
  "70": "al-maarij",
  "71": "nuh",
  "72": "al-jinn",
  "73": "al-muzzammil",
  "74": "al-muddasir",
  "75": "al-qiyamah",
  "76": "al-insan",
  "77": "al-mursalat",
  "78": "an-naba",
  "79": "an-naziaat",
  "80": "abasa",
  "81": "at-takwir",
  "82": "al-infitar",
  "83": "al-mutaffifin",
  "84": "al-inshiqaq",
  "85": "al-buruj",
  "86": "at-tariq",
  "87": "al-ala",
  "88": "al-ghashiyah",
  "89": "al-fajr",
  "90": "al-balad",
  "91": "ash-shams",
  "92": "al-lail",
  "93": "ad-duha",
  "94": "ash-syarh",
  "95": "at-tin",
  "96": "al-alaq",
  "97": "al-qadr",
  "98": "al-bayyinah",
  "99": "az-zalzalah",
  "100": "al-adiyat",
  "101": "al-qariah",
  "102": "at-takathur",
  "103": "al-asr",
  "104": "al-humazah",
  "105": "al-fil",
  "106": "quraish",
  "107": "al-maun",
  "108": "al-kausar",
  "109": "al-kafirun",
  "110": "an-nasr",
  "111": "al-masad",
  "112": "al-ikhlas",
  "113": "al-falaq",
  "114": "an-nas"
}
